Workbook

Sheet LEIA-ME
A1: HYPR / JLR — POIs Unificados · base limpa (NÃO é arquivo de upload)
A3: SITUAÇÃO | B3: Os CSVs de coordenadas deste pacote NÃO funcionam no geofencing da Yahoo DSP.
B4: A DSP exige ENDEREÇO em texto, não coordenada. Faltam os endereços dos POIs.
A6: FORMATO DA DSP | B6: · Arquivo TXT ou CSV, UM ENDEREÇO POR LINHA (texto livre, não é planilha).
B7: · Máximo 10.000 endereços por line item e por arquivo.
B8: · Caracteres especiais podem dar erro: é, à, ç, #, -
B9: · Só Airports, Arena/Stadiums e Universities/Colleges podem ir só com o nome.
B10: Todas as 11 categorias desta lista exigem endereço completo.
B11: · O raio é em MILHAS. O 0,3 da planilha = 483 m, não 300 m.
A13: POR QUE FALHOU | B13: Upload 1 (5 colunas): 3 de 2.686 aceitos.
B14: Cada linha virou uma string de endereço. Com 'SP' (UF válida) -> 'Incomplete
B15: address'; com 'Demais Praças' -> 'Unknown error'. Os 3 aceitos foram coincidência.
B16: Upload 2 (3 colunas de coordenada): 0 de 2.424 aceitos.
B17: Sem texto de endereço, '-23.568083,-46.673556,0.3' não geocodifica em nada.
B18: Prova: a linha de CABEÇALHO do arquivo original voltou como 'successful' — a DSP
B19: geocodificou o texto do cabeçalho como se fosse endereço.
A21: O QUE FALTA | B21: 1. Recuperar o export original dos POIs COM endereço (caminho limpo), ou
B22: 2. Geocodificação reversa das 2.424 coordenadas (aproximado).
A24: ESTA PLANILHA | B24: 'POIs_Limpos' = 2.436 pares POI x coordenada. já deduplicados e validados
B25: dentro do Brasil. 2.424 coordenadas distintas. Insumo para os dois caminhos acima.
B26: 'Resumo' = contagem por Estado e por categoria.

Sheet POIs_Limpos
A1: Latitude | B1: Longitude | C1: Radius Distance | D1: Estado | E1: POI | F1: Coordenada única
A2: -23.568083 | B2: -46.673556 | C2: 0.3 | D2: SP | E2: Concessionárias | F2: =IF(COUNTIFS($A$2:$A2,$A2,$B$2:$B2,$B2)=1,1,0) -> 1
A3: -23.513159 | B3: -46.699565 | C3: 0.3 | D3: SP | E3: Concessionárias | F3: =IF(COUNTIFS($A$2:$A3,$A3,$B$2:$B3,$B3)=1,1,0) -> 1
A4: -23.546665 | B4: -46.56686 | C4: 0.3 | D4: SP | E4: Concessionárias | F4: =IF(COUNTIFS($A$2:$A4,$A4,$B$2:$B4,$B4)=1,1,0) -> 1
A5: -23.639454 | B5: -46.722348 | C5: 0.3 | D5: SP | E5: Concessionárias | F5: =IF(COUNTIFS($A$2:$A5,$A5,$B$2:$B5,$B5)=1,1,0) -> 1
A6: -23.497236 | B6: -46.841951 | C6: 0.3 | D6: SP | E6: Concessionárias | F6: =IF(COUNTIFS($A$2:$A6,$A6,$B$2:$B6,$B6)=1,1,0) -> 1
A7: -23.555066 | B7: -46.698443 | C7: 0.3 | D7: SP | E7: Concessionárias | F7: =IF(COUNTIFS($A$2:$A7,$A7,$B$2:$B7,$B7)=1,1,0) -> 1
A8: -23.581929 | B8: -46.68321 | C8: 0.3 | D8: SP | E8: Concessionárias | F8: =IF(COUNTIFS($A$2:$A8,$A8,$B$2:$B8,$B8)=1,1,0) -> 1
A9: -23.679377 | B9: -46.543445 | C9: 0.3 | D9: SP | E9: Concessionárias | F9: =IF(COUNTIFS($A$2:$A9,$A9,$B$2:$B9,$B9)=1,1,0) -> 1
A10: -23.622008 | B10: -46.662104 | C10: 0.3 | D10: SP | E10: Concessionárias | F10: =IF(COUNTIFS($A$2:$A10,$A10,$B$2:$B10,$B10)=1,1,0) -> 1
A11: -23.533804 | B11: -46.212862 | C11: 0.3 | D11: SP | E11: Concessionárias | F11: =IF(COUNTIFS($A$2:$A11,$A11,$B$2:$B11,$B11)=1,1,0) -> 1
A12: -21.21015 | B12: -47.800862 | C12: 0.3 | D12: SP | E12: Concessionárias | F12: =IF(COUNTIFS($A$2:$A12,$A12,$B$2:$B12,$B12)=1,1,0) -> 1
A13: -23.012031 | B13: -43.299321 | C13: 0.3 | D13: Demais Praças | E13: Concessionárias | F13: =IF(COUNTIFS($A$2:$A13,$A13,$B$2:$B13,$B13)=1,1,0) -> 1
... A2437: -25.444001 | B2437: -49.236967 | C2437: 0.3 | D2437: Demais Praças | E2437: Helipontos | F2437: =IF(COUNTIFS($A$2:$A2437,$A2437,$B$2:$B2437,$B2437)=1,1,0) -> 1

Sheet Resumo
A1: Geofences por categoria de POI
A2: POI | B2: SP | C2: Demais Praças | D2: Total
A3: Bancos | B3: =COUNTIFS(POIs_Limpos!$E$2:$E$2437,$A3,POIs_Limpos!$D$2:$D$2437,B$2) -> 368 | C3: =COUNTIFS(POIs_Limpos!$E$2:$E$2437,$A3,POIs_Limpos!$D$2:$D$2437,C$2) -> 574 | D3: =SUM(B3:C3) -> 942
A4: Clubes | B4: =COUNTIFS(POIs_Limpos!$E$2:$E$2437,$A4,POIs_Limpos!$D$2:$D$2437,B$2) -> 31 | C4: =COUNTIFS(POIs_Limpos!$E$2:$E$2437,$A4,POIs_Limpos!$D$2:$D$2437,C$2) -> 112 | D4: =SUM(B4:C4) -> 143
A5: Concessionárias | B5: =COUNTIFS(POIs_Limpos!$E$2:$E$2437,$A5,POIs_Limpos!$D$2:$D$2437,B$2) -> 102 | C5: =COUNTIFS(POIs_Limpos!$E$2:$E$2437,$A5,POIs_Limpos!$D$2:$D$2437,C$2) -> 141 | D5: =SUM(B5:C5) -> 243
A6: Decor | B6: =COUNTIFS(POIs_Limpos!$E$2:$E$2437,$A6,POIs_Limpos!$D$2:$D$2437,B$2) -> 14 | C6: =COUNTIFS(POIs_Limpos!$E$2:$E$2437,$A6,POIs_Limpos!$D$2:$D$2437,C$2) -> 0 | D6: =SUM(B6:C6) -> 14
A7: Golf Clubs | B7: =COUNTIFS(POIs_Limpos!$E$2:$E$2437,$A7,POIs_Limpos!$D$2:$D$2437,B$2) -> 27 | C7: =COUNTIFS(POIs_Limpos!$E$2:$E$2437,$A7,POIs_Limpos!$D$2:$D$2437,C$2) -> 20 | D7: =SUM(B7:C7) -> 47
A8: Helipontos | B8: =COUNTIFS(POIs_Limpos!$E$2:$E$2437,$A8,POIs_Limpos!$D$2:$D$2437,B$2) -> 73 | C8: =COUNTIFS(POIs_Limpos!$E$2:$E$2437,$A8,POIs_Limpos!$D$2:$D$2437,C$2) -> 181 | D8: =SUM(B8:C8) -> 254
A9: Joalherias | B9: =COUNTIFS(POIs_Limpos!$E$2:$E$2437,$A9,POIs_Limpos!$D$2:$D$2437,B$2) -> 187 | C9: =COUNTIFS(POIs_Limpos!$E$2:$E$2437,$A9,POIs_Limpos!$D$2:$D$2437,C$2) -> 186 | D9: =SUM(B9:C9) -> 373
A10: Marinas | B10: =COUNTIFS(POIs_Limpos!$E$2:$E$2437,$A10,POIs_Limpos!$D$2:$D$2437,B$2) -> 68 | C10: =COUNTIFS(POIs_Limpos!$E$2:$E$2437,$A10,POIs_Limpos!$D$2:$D$2437,C$2) -> 119 | D10: =SUM(B10:C10) -> 187
A11: Resorts | B11: =COUNTIFS(POIs_Limpos!$E$2:$E$2437,$A11,POIs_Limpos!$D$2:$D$2437,B$2) -> 8 | C11: =COUNTIFS(POIs_Limpos!$E$2:$E$2437,$A11,POIs_Limpos!$D$2:$D$2437,C$2) -> 2 | D11: =SUM(B11:C11) -> 10
A12: Restaurantes | B12: =COUNTIFS(POIs_Limpos!$E$2:$E$2437,$A12,POIs_Limpos!$D$2:$D$2437,B$2) -> 135 | C12: =COUNTIFS(POIs_Limpos!$E$2:$E$2437,$A12,POIs_Limpos!$D$2:$D$2437,C$2) -> 67 | D12: =SUM(B12:C12) -> 202
A13: Shoppings | B13: =COUNTIFS(POIs_Limpos!$E$2:$E$2437,$A13,POIs_Limpos!$D$2:$D$2437,B$2) -> 10 | C13: =COUNTIFS(POIs_Limpos!$E$2:$E$2437,$A13,POIs_Limpos!$D$2:$D$2437,C$2) -> 11 | D13: =SUM(B13:C13) -> 21
A14: TOTAL (POI x coordenada) | B14: =SUM(B3:B13) -> 1023 | C14: =SUM(C3:C13) -> 1413 | D14: =SUM(D3:D13) -> 2436
A15: Geofences ÚNICOS (upload) | B15: =SUMIFS(POIs_Limpos!$F$2:$F$2437,POIs_Limpos!$D$2:$D$2437,B$2) -> 1016 | C15: =SUMIFS(POIs_Limpos!$F$2:$F$2437,POIs_Limpos!$D$2:$D$2437,C$2) -> 1408 | D15: =SUM(B15:C15) -> 2424
A17: TOTAL = 2.436 pares POI x coordenada — soma dos arquivos da pasta /por_poi.
A18: ÚNICOS = 2.424 coordenadas distintas — é o tamanho de upload/pois_unificados_TODOS.csv.
A19: A diferença de 12 são coordenadas que pertencem a duas categorias. Ver aba LEIA-ME.
A20: Coluna F de 'POIs_Limpos' marca com 1 a primeira ocorrência de cada coordenada.
